sample,mode,steps,width,height,video_seconds,execution_to_save_seconds,additional_lora_count
1,baseline,30,512,512,8,338.16257,0
2,baseline,30,736,736,8,575.214172,0
3,baseline,30,736,736,8,572.031174,0
4,taomate,3,512,512,8,79.528825,0
5,turbo,8,512,512,8,167.966893,0
6,turbo,8,736,736,8,320.972754,0
7,baseline,30,736,736,8,573.423369,0
8,taomate,3,736,736,8,142.326037,0
9,taomate,3,512,512,8,77.092925,0
10,turbo,8,512,512,8,255.382416,1
11,taomate,3,512,512,8,169.324392,3
12,turbo,8,512,512,8,196.176365,3
13,taomate,3,512,512,8,83.822096,1
14,taomate,3,512,512,8,86.458665,2
15,taomate,3,512,512,8,88.11442,3
16,taomate,3,512,512,8,81.167769,1
17,turbo,8,736,736,8,403.71515,3
18,taomate,3,736,736,8,197.465155,3
19,taomate,3,736,736,8,168.925427,3
20,turbo,8,736,736,8,399.682745,3
