case_id,model,cohort,count,action,repeat,state,submitted,catalog_state,seconds,reviewed,exact_count,appearance_preserved,reference_binding,action_obedience,hands_and_contacts,notes
anime-01-wave-r1,codex,anime,1,wave,1,succeeded,True,,23.1,True,2,2,2,2,2,"Exactly one Frieren with silver hair, pointed ears, greenish eyes, red earrings/neck gem and white-gold clothing retained. One visible empty open five-fingered greeting hand, other arm lowered; no source book. Correct waist-up framing."
anime-01-wave-r1,qwen,anime,1,wave,1,succeeded,True,succeeded,77.32529306411743,True,0,1,0,1,1,"Requested exactly one person, but output duplicates the character into two full-body figures. Hair color/head ornaments differ, pointed ears absent, eye color shifts. One figure carries an unrequested closed brown book despite empty-hands instruction; both wave but second other hand is not lowered. Small hand detail partly ambiguous. Clear count and one-to-one reference binding failure."
anime-01-wave-r1,h3,anime,1,wave,1,succeeded,True,failed,189.77399706840515,True,0,1,0,1,2,"Fixed first frame shows THREE elf-like figures although exactly one requested. Left/right retain silver hair, center invents black-red hair. Clothing and pointed ears broadly copied but neckline gem altered. Each waves one open hand; right figure rests other hand on hip instead of lowered. Count and one-to-one binding fail. Only first frame visually scored in this review."
live-01-wave-r1,codex,live,1,wave,1,succeeded,True,,21.3,True,2,2,2,2,2,"Exactly one Wednesday-like character with braids, bangs, dark tear makeup, patterned black dress and white collar/cuffs retained. One clearly open five-fingered hand raised, other arm lowered. No source poster graphics; waist-up view. Subjective visual resemblance only."
live-01-wave-r1,qwen,live,1,wave,1,succeeded,True,succeeded,79.6498589515686,True,0,1,0,2,2,"Exactly one person requested but two Wednesday-like figures appear. Both have dark braids and white collars, while facial appearance/makeup and dress pattern differ from source and each other. Both wave with one open hand and other lowered; no gross hand error visible at output scale. Full-body instead of waist-up. Duplicate person count is a clear failure."
live-01-wave-r1,h3,live,1,wave,1,succeeded,True,failed,132.67997479438782,True,0,1,0,1,1,"First frame shows five people instead of one. Leftmost retains Wednesday dark braids/patterned dress/white collar but face/makeup differs; four invented students added. Several raised hands, leftmost hand cut by frame, far-right figure partly cropped. Empty wall rather than clear library. Severe count/binding failure; gesture coverage partial. Only fixed first frame reviewed."
anime-02-wave-r1,codex,anime,2,wave,1,succeeded,True,,44.1,True,2,2,2,2,2,"Two distinct characters, Frieren left and Fern right; silver hair/elf ears/red earrings/white-gold clothing and purple hair/black outer robe retained. Each has one visible open five-finger hand raised; other arm lowered. No reference book or poster graphics copied. Subjective design assessment, not an identity metric."
anime-02-wave-r1,qwen,anime,2,wave,1,succeeded,True,succeeded,128.99967312812805,True,2,1,2,2,2,"Two characters in correct left-to-right order with recognizable silver/purple hair and clothes; both raise open five-finger hands. Frieren face and eye color differ, pointed ears are not visibly retained. Output is thigh-up rather than requested waist-up. First-reference center-crop in the native adapter is a potential conditioning confound, not a proven cause."
anime-02-wave-r1,h3,anime,2,wave,1,succeeded,True,failed,221.5952079296112,True,2,1,2,2,2,"Two distinct characters correctly ordered, pointed elf ears/silver hair/green eyes/red earrings and purple hair/eyes/black-white robe retained. Each raises one empty five-fingered hand. Frieren red neckline gem is replaced by two dark circles, so exact accessory retention is partial under the same clothing-detail rubric used for Codex. All five frames visually checked; no gross count/order/hand change. Main score uses fixed first frame, not best frame. Static held-pose evidence only."
live-02-wave-r1,codex,live,2,wave,1,succeeded,True,,48.0,True,2,2,2,2,2,"Wednesday left and Enid right, dark braids/tear makeup/patterned black dress versus lilac hair/striped uniform retained. Two raised open five-finger palms with separate lowered arms. Poster lettering and effects not copied. Enid expression changes to a smile, permitted by the scene. Visible-trait comparison only, not biometric identity verification."
live-02-wave-r1,qwen,live,2,wave,1,succeeded,True,succeeded,130.05111479759216,True,2,0,0,2,2,"Two people and wave poses correct, but left figure blends Enid lilac hair with Wednesday-like patterned clothing; right figure has brown shoulder-length hair, plain blue blazer and jeans. Wednesday dark braids and tear makeup absent, Enid uniform missing. Strong appearance and reference binding failure, not merely swapped ordering. Full-body framing."
live-02-wave-r1,h3,live,2,wave,1,succeeded,True,failed,162.9417748451233,True,2,1,2,0,0,Two correctly ordered figures retain Wednesday braids/dress/tear makeup and Enid lilac hair/uniform. Enid source claw/slash effects copied as long black pointed extensions despite requested replacement of effects; Wednesday raises BOTH hands. Plain wall replaces library. Required single empty-hand greeting per person fails and hand/effect geometry is unusable. First frame only visually scored.
anime-03-wave-r1,codex,anime,3,wave,1,succeeded,True,,37.6,True,2,1,2,2,2,Three distinct correctly ordered characters each raise one open five-fingered hand with the other lowered. Frieren ears/hair/earrings and Fern purple hair/robe retained; Loid green suit and red tie retained but source black gloves are absent. This clothing-detail loss makes appearance preservation partial. Composition is wider than waist-up.
anime-03-wave-r1,qwen,anime,3,wave,1,succeeded,True,succeeded,194.462415933609,True,2,1,1,0,0,"Three recognizable character heads in roughly correct order, but Frieren and Loid heads cropped by top edge. Clothing/gloves and limb ownership blend: raised black glove beside Frieren, another large glove in front of Fern, extra/disconnected arm-like structures and book at left. Original book improperly retained. Not one clear open waving hand per person; major hand/anatomy and action failure. Character traits only partly preserved."
anime-03-wave-r1,h3,anime,3,wave,1,succeeded,True,failed,412.80980014801025,True,2,1,2,2,2,"Three distinct correctly ordered characters, each waving one clearly empty open hand and other arm lowered. Frieren silver hair/ears/green eyes and Fern purple hair/robe retained; Loid blond hair/green suit/red tie/black glove retained. Frieren neckline red gem replaced by dark circles and Loid lapel detail differs. First-frame visible hand anatomy plausible. Broad identity cues strong but exact costume details partial."
live-03-wave-r1,codex,live,3,wave,1,succeeded,True,,41.8,True,2,1,2,2,2,"Three distinct correctly ordered characters with one open five-finger hand raised each. Wednesday braids/tear makeup/dress, Enid lilac hair/uniform and Bianca short hair/gray eyes/uniform retained. Bianca source necklace is not visible; clothing-detail retention is partial. No copied large poster letters."
live-03-wave-r1,qwen,live,3,wave,1,succeeded,True,succeeded,195.5329451560974,True,2,0,0,0,1,"Three figures, but left character blends Bianca skin/eyes with purple bun; center resembles Enid but altered tuxedo; right unrelated dark double-bun hairstyle and gray coat replaces Wednesday. Required order lost. Right figure holds unrequested mug instead of greeting, center hand clawed rather than open wave. Hand geometry/ownership partly uncertain. Count alone passes."
live-03-wave-r1,h3,live,3,wave,1,pending,False,,,False,,,,,,
anime-04-wave-r1,codex,anime,4,wave,1,succeeded,True,,45.7,True,2,1,2,2,2,Four distinct characters in correct left-to-right order with one open five-fingered greeting hand each and other hands lowered. Character hair/eye/clothing designs broadly retained. Loid black gloves absent; Yor gloves shortened/open-finger instead of original long gloves. Appearance partially retained rather than exact clothing match. Wider than waist-up crop.
anime-04-wave-r1,qwen,anime,4,wave,1,unsupported,False,,,False,,,,,,
anime-04-wave-r1,h3,anime,4,wave,1,pending,False,,,False,,,,,,
live-04-wave-r1,codex,live,4,wave,1,succeeded,True,,46.8,True,2,1,2,2,2,"Four distinct correctly ordered characters, one five-fingered waving hand each. Wednesday braids/tear streaks, Enid lilac hair, Bianca short hair/gray eyes and Tyler curls/collar retained. Bianca necklace absent; Tyler restraining outfit adapted into loose sleeves to permit pose, a reference/action conflict rather than pure identity failure. Face/hands visible, no large poster text."
live-04-wave-r1,qwen,live,4,wave,1,unsupported,False,,,False,,,,,,
live-04-wave-r1,h3,live,4,wave,1,pending,False,,,False,,,,,,
anime-05-wave-r1,codex,anime,5,wave,1,succeeded,True,,44.1,True,2,1,2,2,2,"Five distinct characters in correct order, Anya appropriately shorter with pink hair/black horn clips/black-gold uniform. Everyone raises one open five-fingered hand, other lowered. Loid and Yor source gloves missing; appearance details partial. No source weapons or book retained. Faces unobstructed; crop wider than waist-up to include child."
anime-05-wave-r1,qwen,anime,5,wave,1,unsupported,False,,,False,,,,,,
anime-05-wave-r1,h3,anime,5,wave,1,pending,False,,,False,,,,,,
live-05-wave-r1,codex,live,5,wave,1,succeeded,True,,44.3,True,2,1,2,2,2,"Five distinct correctly ordered characters, one open five-fingered hand per person. Recognizable hair/makeup/clothing cues maintained including Dort mustache/suit. Bianca necklace absent and Tyler sleeves modified for waving (source outfit/action conflict). New background wall lettering appears but is not the original oversized character-poster lettering. Faces unobstructed; outer arms near frame edges."
live-05-wave-r1,qwen,live,5,wave,1,unsupported,False,,,False,,,,,,
live-05-wave-r1,h3,live,5,wave,1,pending,False,,,False,,,,,,
anime-01-book-r1,codex,anime,1,book,1,pending,False,,,False,,,,,,
anime-01-book-r1,qwen,anime,1,book,1,pending,False,,,False,,,,,,
anime-01-book-r1,h3,anime,1,book,1,pending,False,,,False,,,,,,
live-01-book-r1,codex,live,1,book,1,pending,False,,,False,,,,,,
live-01-book-r1,qwen,live,1,book,1,pending,False,,,False,,,,,,
live-01-book-r1,h3,live,1,book,1,pending,False,,,False,,,,,,
anime-02-book-r1,codex,anime,2,book,1,succeeded,True,,39.5,True,2,2,2,1,2,Correct two characters/order/appearance. Frieren holds one open green book with both hands at chest; Fern points toward upper book edge with index finger. Both look toward book. Specific right-hand page contact is not clear because pages face away from viewer; action partially rather than fully verified. Hand ownership/anatomy plausible.
anime-02-book-r1,qwen,anime,2,book,1,pending,False,,,False,,,,,,
anime-02-book-r1,h3,anime,2,book,1,pending,False,,,False,,,,,,
live-02-book-r1,codex,live,2,book,1,succeeded,True,,37.6,True,2,2,2,1,2,"Correct two characters/order, facial cues and clothing. Wednesday holds green open book with both hands, Enid points toward upper page edge and both look down. Exact right-hand page contact is not fully visible from rear-of-book angle; partial action under same rubric as anime pair. No extra props or gross hand defects."
live-02-book-r1,qwen,live,2,book,1,pending,False,,,False,,,,,,
live-02-book-r1,h3,live,2,book,1,pending,False,,,False,,,,,,
anime-03-book-r1,codex,anime,3,book,1,succeeded,True,,37.9,True,2,1,2,1,2,"Three correctly ordered distinct characters look toward one open green book held by Frieren in both hands. Fern points to the page upper edge; specific right-hand page location uncertain from rear angle. Loid gloves absent, so clothing retention partial. Hands otherwise anatomically plausible; Loid hair touches upper frame boundary."
anime-03-book-r1,qwen,anime,3,book,1,pending,False,,,False,,,,,,
anime-03-book-r1,h3,anime,3,book,1,pending,False,,,False,,,,,,
live-03-book-r1,codex,live,3,book,1,succeeded,True,,28.2,True,2,1,2,1,2,Three correctly ordered people look at same open green book held with both Wednesday hands; Enid index points near right-side page edge. Specific reader-right page placement not fully visible; partial action. Bianca necklace not visible; appearance otherwise recognizable. Plausible hands and no extra props.
live-03-book-r1,qwen,live,3,book,1,pending,False,,,False,,,,,,
live-03-book-r1,h3,live,3,book,1,pending,False,,,False,,,,,,
anime-04-book-r1,codex,anime,4,book,1,succeeded,True,,39.6,True,2,1,2,1,2,Four correct distinct characters/order looking toward single green open book. Frieren holds it with both hands; Fern points near page edge. Loid rests hand on chin instead of all other hands lowered. Loid/Yor gloves absent and Yor hair rear styling differs. No gross hand anatomy issue; action and appearance partial.
anime-04-book-r1,qwen,anime,4,book,1,unsupported,False,,,False,,,,,,
anime-04-book-r1,h3,anime,4,book,1,pending,False,,,False,,,,,,
live-04-book-r1,codex,live,4,book,1,succeeded,True,,40.7,True,2,1,2,1,2,"Four distinct correctly ordered characters look at same green open book; Wednesday holds with both hands, Enid index near top page edge. Exact right-page contact uncertain; Bianca hands clasped low rather than hanging, Tyler hair touches top edge. Necklace omitted and Tyler sleeves adapted; appearance partial. Visible hands plausible."
live-04-book-r1,qwen,live,4,book,1,unsupported,False,,,False,,,,,,
live-04-book-r1,h3,live,4,book,1,pending,False,,,False,,,,,,
anime-05-book-r1,codex,anime,5,book,1,succeeded,True,,39.7,True,2,1,2,1,2,"Five distinct correctly ordered characters; one green open book held by Frieren, Fern points at page edge. Loid hand on chin and Anya both fists raised violate other-hands-lowered; Anya gaze toward group rather than clear book target. Loid gloves retained this time, Yor gloves shortened/open-finger. Broad character traits preserved, fine costume/action partial. Hands plausible."
anime-05-book-r1,qwen,anime,5,book,1,unsupported,False,,,False,,,,,,
anime-05-book-r1,h3,anime,5,book,1,pending,False,,,False,,,,,,
live-05-book-r1,codex,live,5,book,1,succeeded,True,,42.3,True,2,1,2,1,2,Five correctly ordered recognizable figures looking toward same open green book held by Wednesday with two hands. Enid points near page top; exact reader-right page contact remains visually uncertain. Bianca necklace absent; Tyler clothing adapted into free sleeves. Visible hands plausible; outer people close to frame edges.
live-05-book-r1,qwen,live,5,book,1,unsupported,False,,,False,,,,,,
live-05-book-r1,h3,live,5,book,1,pending,False,,,False,,,,,,
anime-01-contact-r1,codex,anime,1,contact,1,pending,False,,,False,,,,,,
anime-01-contact-r1,qwen,anime,1,contact,1,pending,False,,,False,,,,,,
anime-01-contact-r1,h3,anime,1,contact,1,pending,False,,,False,,,,,,
live-01-contact-r1,codex,live,1,contact,1,pending,False,,,False,,,,,,
live-01-contact-r1,qwen,live,1,contact,1,pending,False,,,False,,,,,,
live-01-contact-r1,h3,live,1,contact,1,pending,False,,,False,,,,,,
anime-02-contact-r1,codex,anime,2,contact,1,succeeded,True,,37.3,True,2,2,2,1,2,"Two correct characters with clear palm-to-palm contact and unused hands lowered. Visible near arms appear to be Frieren LEFT and Fern RIGHT, opposite requested Frieren right/Fern left; gesture achieved but laterality fails. Contact above shoulder level. Hands overlap naturally without obvious extra limbs; exact finger count at contact partly occluded."
anime-02-contact-r1,qwen,anime,2,contact,1,pending,False,,,False,,,,,,
anime-02-contact-r1,h3,anime,2,contact,1,pending,False,,,False,,,,,,
live-02-contact-r1,codex,live,2,contact,1,pending,False,,,False,,,,,,
live-02-contact-r1,qwen,live,2,contact,1,pending,False,,,False,,,,,,
live-02-contact-r1,h3,live,2,contact,1,pending,False,,,False,,,,,,
anime-03-contact-r1,codex,anime,3,contact,1,pending,False,,,False,,,,,,
anime-03-contact-r1,qwen,anime,3,contact,1,pending,False,,,False,,,,,,
anime-03-contact-r1,h3,anime,3,contact,1,pending,False,,,False,,,,,,
live-03-contact-r1,codex,live,3,contact,1,pending,False,,,False,,,,,,
live-03-contact-r1,qwen,live,3,contact,1,pending,False,,,False,,,,,,
live-03-contact-r1,h3,live,3,contact,1,pending,False,,,False,,,,,,
anime-04-contact-r1,codex,anime,4,contact,1,pending,False,,,False,,,,,,
anime-04-contact-r1,qwen,anime,4,contact,1,unsupported,False,,,False,,,,,,
anime-04-contact-r1,h3,anime,4,contact,1,pending,False,,,False,,,,,,
live-04-contact-r1,codex,live,4,contact,1,pending,False,,,False,,,,,,
live-04-contact-r1,qwen,live,4,contact,1,unsupported,False,,,False,,,,,,
live-04-contact-r1,h3,live,4,contact,1,pending,False,,,False,,,,,,
anime-05-contact-r1,codex,anime,5,contact,1,pending,False,,,False,,,,,,
anime-05-contact-r1,qwen,anime,5,contact,1,unsupported,False,,,False,,,,,,
anime-05-contact-r1,h3,anime,5,contact,1,pending,False,,,False,,,,,,
live-05-contact-r1,codex,live,5,contact,1,pending,False,,,False,,,,,,
live-05-contact-r1,qwen,live,5,contact,1,unsupported,False,,,False,,,,,,
live-05-contact-r1,h3,live,5,contact,1,pending,False,,,False,,,,,,
anime-01-wave-r2,codex,anime,1,wave,2,pending,False,,,False,,,,,,
anime-01-wave-r2,qwen,anime,1,wave,2,pending,False,,,False,,,,,,
anime-01-wave-r2,h3,anime,1,wave,2,pending,False,,,False,,,,,,
live-01-wave-r2,codex,live,1,wave,2,pending,False,,,False,,,,,,
live-01-wave-r2,qwen,live,1,wave,2,pending,False,,,False,,,,,,
live-01-wave-r2,h3,live,1,wave,2,pending,False,,,False,,,,,,
anime-02-wave-r2,codex,anime,2,wave,2,pending,False,,,False,,,,,,
anime-02-wave-r2,qwen,anime,2,wave,2,pending,False,,,False,,,,,,
anime-02-wave-r2,h3,anime,2,wave,2,pending,False,,,False,,,,,,
live-02-wave-r2,codex,live,2,wave,2,pending,False,,,False,,,,,,
live-02-wave-r2,qwen,live,2,wave,2,pending,False,,,False,,,,,,
live-02-wave-r2,h3,live,2,wave,2,pending,False,,,False,,,,,,
anime-03-wave-r2,codex,anime,3,wave,2,pending,False,,,False,,,,,,
anime-03-wave-r2,qwen,anime,3,wave,2,pending,False,,,False,,,,,,
anime-03-wave-r2,h3,anime,3,wave,2,pending,False,,,False,,,,,,
live-03-wave-r2,codex,live,3,wave,2,pending,False,,,False,,,,,,
live-03-wave-r2,qwen,live,3,wave,2,pending,False,,,False,,,,,,
live-03-wave-r2,h3,live,3,wave,2,pending,False,,,False,,,,,,
anime-04-wave-r2,codex,anime,4,wave,2,pending,False,,,False,,,,,,
anime-04-wave-r2,qwen,anime,4,wave,2,unsupported,False,,,False,,,,,,
anime-04-wave-r2,h3,anime,4,wave,2,pending,False,,,False,,,,,,
live-04-wave-r2,codex,live,4,wave,2,pending,False,,,False,,,,,,
live-04-wave-r2,qwen,live,4,wave,2,unsupported,False,,,False,,,,,,
live-04-wave-r2,h3,live,4,wave,2,pending,False,,,False,,,,,,
anime-05-wave-r2,codex,anime,5,wave,2,pending,False,,,False,,,,,,
anime-05-wave-r2,qwen,anime,5,wave,2,unsupported,False,,,False,,,,,,
anime-05-wave-r2,h3,anime,5,wave,2,pending,False,,,False,,,,,,
live-05-wave-r2,codex,live,5,wave,2,pending,False,,,False,,,,,,
live-05-wave-r2,qwen,live,5,wave,2,unsupported,False,,,False,,,,,,
live-05-wave-r2,h3,live,5,wave,2,pending,False,,,False,,,,,,
anime-01-book-r2,codex,anime,1,book,2,pending,False,,,False,,,,,,
anime-01-book-r2,qwen,anime,1,book,2,pending,False,,,False,,,,,,
anime-01-book-r2,h3,anime,1,book,2,pending,False,,,False,,,,,,
live-01-book-r2,codex,live,1,book,2,pending,False,,,False,,,,,,
live-01-book-r2,qwen,live,1,book,2,pending,False,,,False,,,,,,
live-01-book-r2,h3,live,1,book,2,pending,False,,,False,,,,,,
anime-02-book-r2,codex,anime,2,book,2,pending,False,,,False,,,,,,
anime-02-book-r2,qwen,anime,2,book,2,pending,False,,,False,,,,,,
anime-02-book-r2,h3,anime,2,book,2,pending,False,,,False,,,,,,
live-02-book-r2,codex,live,2,book,2,pending,False,,,False,,,,,,
live-02-book-r2,qwen,live,2,book,2,pending,False,,,False,,,,,,
live-02-book-r2,h3,live,2,book,2,pending,False,,,False,,,,,,
anime-03-book-r2,codex,anime,3,book,2,pending,False,,,False,,,,,,
anime-03-book-r2,qwen,anime,3,book,2,pending,False,,,False,,,,,,
anime-03-book-r2,h3,anime,3,book,2,pending,False,,,False,,,,,,
live-03-book-r2,codex,live,3,book,2,pending,False,,,False,,,,,,
live-03-book-r2,qwen,live,3,book,2,pending,False,,,False,,,,,,
live-03-book-r2,h3,live,3,book,2,pending,False,,,False,,,,,,
anime-04-book-r2,codex,anime,4,book,2,pending,False,,,False,,,,,,
anime-04-book-r2,qwen,anime,4,book,2,unsupported,False,,,False,,,,,,
anime-04-book-r2,h3,anime,4,book,2,pending,False,,,False,,,,,,
live-04-book-r2,codex,live,4,book,2,pending,False,,,False,,,,,,
live-04-book-r2,qwen,live,4,book,2,unsupported,False,,,False,,,,,,
live-04-book-r2,h3,live,4,book,2,pending,False,,,False,,,,,,
anime-05-book-r2,codex,anime,5,book,2,pending,False,,,False,,,,,,
anime-05-book-r2,qwen,anime,5,book,2,unsupported,False,,,False,,,,,,
anime-05-book-r2,h3,anime,5,book,2,pending,False,,,False,,,,,,
live-05-book-r2,codex,live,5,book,2,pending,False,,,False,,,,,,
live-05-book-r2,qwen,live,5,book,2,unsupported,False,,,False,,,,,,
live-05-book-r2,h3,live,5,book,2,pending,False,,,False,,,,,,
anime-01-contact-r2,codex,anime,1,contact,2,pending,False,,,False,,,,,,
anime-01-contact-r2,qwen,anime,1,contact,2,pending,False,,,False,,,,,,
anime-01-contact-r2,h3,anime,1,contact,2,pending,False,,,False,,,,,,
live-01-contact-r2,codex,live,1,contact,2,pending,False,,,False,,,,,,
live-01-contact-r2,qwen,live,1,contact,2,pending,False,,,False,,,,,,
live-01-contact-r2,h3,live,1,contact,2,pending,False,,,False,,,,,,
anime-02-contact-r2,codex,anime,2,contact,2,pending,False,,,False,,,,,,
anime-02-contact-r2,qwen,anime,2,contact,2,pending,False,,,False,,,,,,
anime-02-contact-r2,h3,anime,2,contact,2,pending,False,,,False,,,,,,
live-02-contact-r2,codex,live,2,contact,2,pending,False,,,False,,,,,,
live-02-contact-r2,qwen,live,2,contact,2,pending,False,,,False,,,,,,
live-02-contact-r2,h3,live,2,contact,2,pending,False,,,False,,,,,,
anime-03-contact-r2,codex,anime,3,contact,2,pending,False,,,False,,,,,,
anime-03-contact-r2,qwen,anime,3,contact,2,pending,False,,,False,,,,,,
anime-03-contact-r2,h3,anime,3,contact,2,pending,False,,,False,,,,,,
live-03-contact-r2,codex,live,3,contact,2,pending,False,,,False,,,,,,
live-03-contact-r2,qwen,live,3,contact,2,pending,False,,,False,,,,,,
live-03-contact-r2,h3,live,3,contact,2,pending,False,,,False,,,,,,
anime-04-contact-r2,codex,anime,4,contact,2,pending,False,,,False,,,,,,
anime-04-contact-r2,qwen,anime,4,contact,2,unsupported,False,,,False,,,,,,
anime-04-contact-r2,h3,anime,4,contact,2,pending,False,,,False,,,,,,
live-04-contact-r2,codex,live,4,contact,2,pending,False,,,False,,,,,,
live-04-contact-r2,qwen,live,4,contact,2,unsupported,False,,,False,,,,,,
live-04-contact-r2,h3,live,4,contact,2,pending,False,,,False,,,,,,
anime-05-contact-r2,codex,anime,5,contact,2,pending,False,,,False,,,,,,
anime-05-contact-r2,qwen,anime,5,contact,2,unsupported,False,,,False,,,,,,
anime-05-contact-r2,h3,anime,5,contact,2,pending,False,,,False,,,,,,
live-05-contact-r2,codex,live,5,contact,2,pending,False,,,False,,,,,,
live-05-contact-r2,qwen,live,5,contact,2,unsupported,False,,,False,,,,,,
live-05-contact-r2,h3,live,5,contact,2,pending,False,,,False,,,,,,
